,x
rs115866895,-0.0132803135666611
rs4648450,-0.0109080742214597
rs12024554,-0.0094744070372515
rs1097327,-0.009442722955813
rs3737992,-0.010055254085191
rs12031634,-0.0111843640783806
rs61743745,-0.0102432418571769
rs1167311,-0.0135752205298244
rs12140153,-0.0134800349490272
rs2186120,0.0103093434179266
rs34361149,-0.0177977535630313
rs12049202,0.0134089166031575
rs2166172,0.0099174508314646
rs2181375,0.0133597321085099
rs75641275,0.0093352704187093
rs17024393,0.0143654891891658
rs6687953,0.0115858735585775
rs61813324,0.0135038855121721
rs1778830,0.0092452349595136
rs61826867,0.0113124504360108
rs815163,-0.0124598108601185
rs10921760,-0.0110503442473194
rs2678204,0.0178102538581807
rs17014332,0.0103143602030466
rs170553,-0.0092737522995143
rs12037698,-0.0103010765560679
rs563738408,-0.0255971043832109
rs6751993,0.0285551742273512
rs2141004,-0.010454846853465
rs935166,-0.0104936644366687
rs10185199,-0.0117092598052316
rs35722922,-0.0121001523680816
rs6545144,-0.0091468993043388
rs3806572,-0.0113137504667064
rs4671328,-0.0153059447279615
rs6545714,-0.0144117236141581
rs2861685,-0.0125029452119138
rs7557796,-0.0111268793877538
rs13002946,-0.0133963663068276
rs72820274,0.011458437216295
rs754481,0.0097126459957378
rs72844755,0.0095568256499362
rs1446585,-0.0094936574917815
rs115584509,0.009310719839036
rs593010,-0.0109585754138631
rs80330591,-0.0103568445394941
rs10803762,0.0096962789426223
rs12619626,-0.0107409536088431
rs199750218,0.0106197507470751
rs12479357,0.0117318270047412
rs4482463,-0.0126566155069497
rs16846140,0.010325277127477
rs13427822,-0.0127966521467427
rs4485556,-0.0095112079061712
rs72967047,0.0108719233678878
rs35882248,0.0123038905119557
rs2569993,0.0093243368272186
rs6772763,-0.0102317749197599
rs34373881,-0.0113956524005249
rs9847186,-0.0106092004979691
rs13062093,0.0109901594929404
rs4377469,0.0097467634679654
rs13076052,0.0103098267626724
rs9843653,0.0222433585299434
rs762705,-0.00921815098669
rs815715,-0.0110417273771965
rs6769617,-0.0095222915012036
rs550669262,0.0104887643209702
rs75557510,-0.0115878236046208
rs10865612,-0.0151269738355433
rs1454687,-0.015619118789103
rs6780459,0.0098044148291942
rs80082351,-0.0101417894617449
rs1225004,0.0146300621027667
rs1471740,0.0130051237357134
rs2035936,0.0124362603040571
rs355777,0.0104123791840776
rs6776471,0.0095060077833891
rs73169730,0.0130294409765439
rs2606228,-0.0096869620559709
rs869400,0.0167247282274118
rs2051559,0.012382009023109
rs66679256,0.0123241076559772
rs34811474,-0.019533294541566
rs73213484,-0.0098031147984986
rs4261944,0.0101110720697979
rs10938397,0.0212538351659215
rs6831020,-0.0108783735201849
rs17085463,-0.0095066577987368
rs1383723,-0.01077417105982
rs35851183,0.0115628063472619
rs13107325,0.0185299375175788
rs11099020,-0.0101776903094138
rs1296328,-0.0135707870918114
rs35853157,-0.0096073101752793
rs750090,-0.0105058480576743
rs6536575,0.0100337202434137
rs6867471,-0.0092645020811038
rs7701777,-0.0106877190185671
rs13176429,0.0110619945223986
rs6861649,0.0097560970216769
rs1503526,0.0120304007211483
rs9291822,-0.0091538994696224
rs2307111,-0.0200809741397092
rs28404639,-0.0094398062202782
rs7442885,-0.0144887254322781
rs1477290,0.0163305189195822
rs1919243,0.0096204271516561
rs55838622,0.0093266368815261
rs10059453,0.009696512281465
rs286818,-0.0148934849892138
rs13174863,0.0124575441399314
rs3844598,0.0094025553407331
rs2118793,-0.0092366014223305
rs190301182,-0.0101094720320188
rs1428120,-0.0112604325411294
rs4921301,-0.0104179626492443
rs245775,0.0129899900450526
rs4467770,0.0090928146939926
rs9463511,-0.0099988360864169
rs2281819,-0.0093568709287273
rs146696797,0.0095849429804921
rs9368828,-0.0204929838678315
rs34045288,0.0166025920102726
rs72892910,0.02154834211964
rs1775255,0.010796188246343
rs7453694,0.0092911527103622
rs2482398,-0.0102144245100926
rs9342196,0.0092916027209876
rs12662900,-0.0107350368024724
rs6938973,0.0132124786316507
rs2253310,0.012190671172023
rs9489620,0.010757770672584
rs9388681,0.0091302989123804
rs2749929,0.0100177698668032
rs765874,-0.009393255121142
rs7755574,0.0100820047168106
rs9688977,0.0115390224523577
rs13210756,-0.0097526469402157
rs6950388,0.0094331393961985
rs17132130,-0.0126615489567686
rs4722398,0.0094257392214701
rs215634,-0.0107209198024838
rs79682948,-0.009712495992196
rs1470749,-0.0092438182593967
rs236660,0.0178207541061061
rs147678035,0.0145900944924092
rs6973656,0.0091139818604455
rs3807652,-0.009207434066982
rs2192649,0.009435189444603
rs3843540,-0.0117056430531684
rs39330,-0.0129160883001297
rs12537134,-0.0117296436198551
rs2045293,0.0103409441640642
rs7810870,-0.0093498374293233
rs1805123,-0.0103305272514397
rs6601527,-0.0154421479439087
rs7461253,0.0106336177411608
rs2616192,0.0097623471692516
rs1425717,0.0092953694765926
rs10954772,-0.012602480895423
rs12681792,0.0096610114432409
rs791405,-0.0107097528721504
rs12679106,-0.014471641695574
rs201519328,0.0143856896661271
rs77883185,0.0097094959213602
rs9297524,-0.0091064150151151
rs35529153,-0.0120637681756669
rs17716502,-0.013362665511105
rs11782074,0.0112813330346191
rs13294945,-0.0153763463902426
rs1411432,0.0144259906176886
rs17770336,0.0158068232210655
rs55781253,0.0095121912627229
rs13289199,-0.0095054244362821
rs7357754,0.0116470083353878
rs2440589,-0.0094376728365727
rs2398861,0.0129807898278226
rs3931548,0.0118934474874921
rs2254331,0.0093578876193995
rs1327808,0.009587776380726
rs7030732,-0.0106099171815576
rs3861879,0.0103889286303775
rs2267958,-0.0093526208283765
rs6597653,0.0095333084279952
rs4749937,-0.0092985695521508
rs2356376,0.0094828072355919
rs11012732,0.01538282987666
rs12260817,0.0094493397787121
rs61845249,-0.0099734021525531
rs4595495,0.0099580517901097
rs112921972,0.0104688638510924
rs17399739,0.0094788738093849
rs2450447,-0.0098332655103989
rs2439823,0.0150516220563831
rs61871615,-0.0107762544423449
rs10749233,-0.010928691374926
rs845084,0.0122378889535671
rs67609008,0.0096053934633564
rs2035806,-0.0114652040427358
rs6591,0.0108388059192722
rs12575252,-0.011529088884479
rs11826177,0.0121401533125595
rs6265,-0.0226853689664241
rs491711,-0.0106465680469355
rs7942037,-0.0112902499118256
rs75936055,0.0159846940875106
rs555754158,0.0094318060313826
rs7124681,0.0185737718859025
rs34292685,-0.0098094982825549
rs2234458,-0.0146513626057011
rs1465900,-0.0092804024565337
rs10898330,-0.0098349655505392
rs61903695,0.0108224888673372
rs1048932,-0.011742360586787
rs1799992,0.0105696495641165
rs7940866,0.0123025404800795
rs329651,0.009405305405666
rs12364470,0.0110305437798029
rs55726687,0.0141681511964082
rs12422552,-0.0104013289231656
rs1458156,0.009800131394723
rs2292238,-0.0132450794014001
rs317687,-0.009476207079753
rs4761401,-0.0091435658922989
rs704061,0.0112366153121048
rs1901241,0.0096428443476239
rs7138383,-0.012849236721671
rs55938344,-0.0107942215332395
rs11613680,0.0092084174235337
rs147730268,-0.0141879016627441
rs3897102,0.0108444893868001
rs9579775,0.0110985120512949
rs9507895,-0.011567923134743
rs9506311,0.0105021813044305
rs35193668,-0.0124788946440465
rs10507483,0.0093500541011059
rs13353100,0.0092209843869239
rs7987928,-0.0103338939975999
rs7995015,-0.0096917121681277
rs11148421,-0.0140544318446695
rs9527895,0.0095323417385037
rs1949204,0.0095538589132208
rs1441264,0.0136275217647292
rs116394958,0.0105752830304638
rs7990098,0.0120570180162863
rs7331420,-0.0096842286580983
rs9522183,-0.011211598054746
rs9522279,0.0120820186065849
rs8015400,0.0145769108477916
rs145946602,0.0103959787968417
rs2933223,0.0117652611275006
rs217672,0.0102697258158333
rs2333012,-0.0103580612348887
rs7141420,0.0148953516999561
rs1286138,0.0117315436647178
rs6575340,0.0140371481032431
rs12881629,0.0100491372740979
rs3803286,-0.013300897386007
rs3759584,-0.0107884380633504
rs8027969,-0.0093447539759626
rs7183417,0.0110028931269325
rs55689274,-0.0096244772472844
rs117632017,0.0096502278552921
rs113182412,-0.0093452373207083
rs4776970,-0.0165976585604537
rs4777541,0.010896207274598
rs11855853,-0.011849413114446
rs2870111,-0.0110403273441398
rs7498044,-0.0104875642926359
rs2046002,-0.0096691616356783
rs56803094,-0.0110405273488622
rs12926311,-0.0116136575479294
rs879620,0.0170880701397527
rs7193783,-0.0100251367074112
rs2342892,-0.0101388893932702
rs62037365,0.0188624453685513
rs4402589,0.0193887911296396
rs11642015,0.051114206877466
rs117342986,0.0093115531920459
rs7189149,0.0103380774297099
rs862320,-0.0163539361391619
rs756717,-0.0107318533939744
rs11150461,-0.009841982382883
rs4790841,-0.0146907802030721
rs7774,0.0104181793210269
rs8078135,-0.0131112595750614
rs11656076,-0.0096989623393143
rs34966008,-0.0136158214884694
rs11653258,-0.0091205320151038
rs56161855,0.0114131694807941
rs11079849,-0.0137481079452699
rs2332306,0.0096955955931541
rs55931203,0.0111039955141004
rs11150745,-0.0141054330488789
rs9319615,-0.0096065934916908
rs60764613,0.0121871377552608
rs2155869,-0.0102488919905844
rs1788808,-0.0141888683522357
rs1389067,0.0099860191171238
rs7237783,0.0107768044553314
rs2247593,-0.0092452016253932
rs784257,0.0094882906983974
rs57636386,-0.0175515810838903
rs1942826,0.0091036982843026
rs11666480,0.013974279952172
rs45486197,0.0094101221860635
rs273505,0.0127323672955547
rs113230003,-0.0126657490559388
rs10404726,-0.0138506103654945
rs56212061,-0.0111863141244239
rs111640872,0.0135189692016523
rs11084554,-0.0112133147619465
rs112693590,-0.0100628375975816
rs3810291,0.0196426304564722
rs2153740,-0.0092399348343703
rs6050446,0.0102542587839685
rs67844506,-0.0147499149326585
rs150998792,-0.0097171127678712
rs8134638,0.0102231247155166
rs2837398,0.00913946579549
rs76040172,-0.0126193812944649
rs6001870,-0.0118475297366435
rs28489620,-0.0098909668728082
